
INSERT INTO ADMINISTRADOR (EMAIL, PASSWORD)
	VALUES ('admin@sample.com', 'adminadmin');

INSERT INTO PRODUCT_CODE (PROD_CODE, DISCOUNT_CODE, DESCRIPTION) 
	VALUES ('SW', 'M', 'Software');
INSERT INTO PRODUCT_CODE (PROD_CODE, DISCOUNT_CODE, DESCRIPTION) 
	VALUES ('HW', 'H', 'Hardware');
INSERT INTO PRODUCT_CODE (PROD_CODE, DISCOUNT_CODE, DESCRIPTION) 
	VALUES ('FW', 'L', 'Firmware');
INSERT INTO PRODUCT_CODE (PROD_CODE, DISCOUNT_CODE, DESCRIPTION) 
	VALUES ('BK', 'L', 'Books');
INSERT INTO PRODUCT_CODE (PROD_CODE, DISCOUNT_CODE, DESCRIPTION) 
	VALUES ('CB', 'N', 'Cables');
INSERT INTO PRODUCT_CODE (PROD_CODE, DISCOUNT_CODE, DESCRIPTION) 
	VALUES ('MS', 'N', 'Misc');

INSERT INTO DISCOUNT_CODE (DISCOUNT_CODE, RATE) 
	VALUES ('H', 16.00);
INSERT INTO DISCOUNT_CODE (DISCOUNT_CODE, RATE) 
	VALUES ('M', 11.00);
INSERT INTO DISCOUNT_CODE (DISCOUNT_CODE, RATE) 
	VALUES ('L', 7.00);
INSERT INTO DISCOUNT_CODE (DISCOUNT_CODE, RATE) 
	VALUES ('N', 0.00);	

INSERT INTO MANUFACTURER (NAME, ADDRESSLINE1, ADDRESSLINE2, CITY, STATE, ZIP, PHONE, FAX, EMAIL, REP) 
	VALUES ('H End Searching', '5 81st Street', 'Suite 100', 'Mountain View', 'CA', '94043     ', '650-555-0102', '408-555-0103', 'hsearching@example.com', 'John Snow');
INSERT INTO MANUFACTURER (NAME, ADDRESSLINE1, ADDRESSLINE2, CITY, STATE, ZIP, PHONE, FAX, EMAIL, REP) 
	VALUES ('Smith Bird Watching', '4000 Finch Circle', 'Building 14', 'Santa Clara', 'CA', '95051     ', '650-555-0111', '408-555-0112', 'www.sbw@example.com', 'Brian Washington');
INSERT INTO MANUFACTURER (NAME, ADDRESSLINE1, ADDRESSLINE2, CITY, STATE, ZIP, PHONE, FAX, EMAIL, REP) 
	VALUES ('Wilson Fish Co', '20959 Whalers Ave', 'Building 3', 'San Jose', 'OH', '95128     ', '650-555-0133', '408-555-0133', 'www.wilsonfish@example.com', 'Matthew Williams');
INSERT INTO MANUFACTURER (NAME, ADDRESSLINE1, ADDRESSLINE2, CITY, STATE, ZIP, PHONE, FAX, EMAIL, REP) 
	VALUES ('James Deli', '250 Marinade Blvd', 'Suite C', 'Novato', 'IL', '94949     ', '650-555-0144', '408-555-0145', 'www.jdeli@example.net', 'Phil Jones');
INSERT INTO MANUFACTURER (NAME, ADDRESSLINE1, ADDRESSLINE2, CITY, STATE, ZIP, PHONE, FAX, EMAIL, REP) 
	VALUES ('All Sushi', '399 San Pablo Ave', 'Building 600', 'Cleveland', 'CA', '94530     ', '650-555-0140', '408-555-0143', 'www.allsushi@example.com', 'Teresa Ho');
INSERT INTO MANUFACTURER (NAME, ADDRESSLINE1, ADDRESSLINE2, CITY, STATE, ZIP, PHONE, FAX, EMAIL, REP) 
	VALUES ('Soft Cables', '9988 Main Upper Street', 'Suite 100', 'Indianapolis', 'IA', '46290     ', '650-555-0151', '408-555-0152', 'www.cbales@example.com', 'Henry Adams');
INSERT INTO MANUFACTURER (NAME, ADDRESSLINE1, ADDRESSLINE2, CITY, STATE, ZIP, PHONE, FAX, EMAIL, REP) 
	VALUES ('Mike Recording Industries', '5109 Union Street Road', 'Building 8A', 'San Alfred', 'CA', '94123     ', '415-555-0166', '415-555-0165', 'www.mikerecording@example.com', 'Mike Black');
INSERT INTO MANUFACTURER (NAME, ADDRESSLINE1, ADDRESSLINE2, CITY, STATE, ZIP, PHONE, FAX, EMAIL, REP) 
	VALUES ('Easy Reach Telephones', '975 El Camino Circle', 'Suite 4055', 'Santa Clara', 'VA', '95051     ', '408-555-0167', '408-555-0168', 'www.easyreach@example.com', 'Walter James');
INSERT INTO MANUFACTURER (NAME, ADDRESSLINE1, ADDRESSLINE2, CITY, STATE, ZIP, PHONE, FAX, EMAIL, REP) 
	VALUES ('Soft Circle Opticians', '95 Eastway Clearview Drive', 'Building 1', 'Boston', 'MA', '02100     ', '617-555-0171', '617-555-0172', 'www.softcircle@example.com', 'Alfred Nelson');
INSERT INTO MANUFACTURER (NAME, ADDRESSLINE1, ADDRESSLINE2, CITY, STATE, ZIP, PHONE, FAX, EMAIL, REP) 
	VALUES ('Fast Boards', '1000 Van Nuys Lane', 'Suite 904537', 'Van Nuys', 'VT', '91405     ', '800-555-0173', '800-555-0174', 'www.fboards@example.com', 'Julie Board');
INSERT INTO MANUFACTURER (NAME, ADDRESSLINE1, ADDRESSLINE2, CITY, STATE, ZIP, PHONE, FAX, EMAIL, REP) 
	VALUES ('Sams Photo Center', '9447 West 13th Street', 'Suite 25', 'Reading', 'MN', '01867     ', '617-555-0177', '617-555-0178', 'www.photctr@example.com', 'Laurie Brown');
INSERT INTO MANUFACTURER (NAME, ADDRESSLINE1, ADDRESSLINE2, CITY, STATE, ZIP, PHONE, FAX, EMAIL, REP) 
	VALUES ('Computer Support Center', '5632 Michigam Ave', ' ', 'Dearborn', 'RI', '48127     ', '313-555-0181', '313-555-0182', 'www.comsup.example.net', 'Sam Wright');
INSERT INTO MANUFACTURER (NAME, ADDRESSLINE1, ADDRESSLINE2, CITY, STATE, ZIP, PHONE, FAX, EMAIL, REP) 
	VALUES ('Bills Bank and Sons', '5960 Inglewood Pkwy', 'Building C5', 'Pleasantville', 'WI', '94588     ', '408-555-0183', '408-555-0184', 'www.billbank@example.com', 'Frank Smith');
INSERT INTO MANUFACTURER (NAME, ADDRESSLINE1, ADDRESSLINE2, CITY, STATE, ZIP, PHONE, FAX, EMAIL, REP) 
	VALUES ('Pleasant Enterprises', '76342 865th Ave', 'Suite 450', 'New York', 'NY', '10044     ', '212-555-0184', '212-555-0185', 'www.pleasant@example.com', 'Louis Lewis');
INSERT INTO MANUFACTURER (NAME, ADDRESSLINE1, ADDRESSLINE2, CITY, STATE, ZIP, PHONE, FAX, EMAIL, REP) 
	VALUES ('Super Computer Products', '63 Garcia Rock Way', 'Floor 22', 'Albuqerque', 'NM', '87119     ', '505-555-0193', '505-555-0193', 'www.supercomputer@example.com', 'Tom Cross');
INSERT INTO MANUFACTURER (NAME, ADDRESSLINE1, ADDRESSLINE2, CITY, STATE, ZIP, PHONE, FAX, EMAIL, REP) 
	VALUES ('Florenc Bakery', '795 Stone Flour Road', 'Suite 4', 'Tombstone', 'DE', '85638     ', '602-555-0182', '602-555-0188', 'florenc.example.com', 'Jeff Green');
INSERT INTO MANUFACTURER (NAME, ADDRESSLINE1, ADDRESSLINE2, CITY, STATE, ZIP, PHONE, FAX, EMAIL, REP) 
	VALUES ('Upper Cargo Lift Services', '2845 Smith Under Road', 'Suite 7', 'San Mateo', 'GA', '94403     ', '650-555-0171', '650-555-0172', 'uppercargo.example.com', 'Frank Peters');
INSERT INTO MANUFACTURER (NAME, ADDRESSLINE1, ADDRESSLINE2, CITY, STATE, ZIP, PHONE, FAX, EMAIL, REP) 
	VALUES ('Super Savings Pharmacy', '56 Broadway Lane', 'Floor 123', 'Oakland', 'NH', '98123     ', '510-555-0173', '510-555-0173', 'superpharmace.example.com', 'Tom Brown');
INSERT INTO MANUFACTURER (NAME, ADDRESSLINE1, ADDRESSLINE2, CITY, STATE, ZIP, PHONE, FAX, EMAIL, REP) 
	VALUES ('Early Posting Corp', '235 E Market St.', 'Suite 1', 'San David', 'CA', '94567     ', '415-555-0138', '415-555-0139', 'superposting.example.com', 'John Adams');
INSERT INTO MANUFACTURER (NAME, ADDRESSLINE1, ADDRESSLINE2, CITY, STATE, ZIP, PHONE, FAX, EMAIL, REP) 
	VALUES ('Pauls Dairy', '236 Hill Street Lane', 'Suite 6', 'Orlando', 'CA', '94567     ', '415-555-0140', '415-555-0141', 'paulsdairy.example.com', 'John White');
INSERT INTO MANUFACTURER (NAME, ADDRESSLINE1, ADDRESSLINE2, CITY, STATE, ZIP, PHONE, FAX, EMAIL, REP) 
	VALUES ('Joseph Ironworks', '7655 382nd Street', 'Suite 200', 'Mountainside', 'TX', '94043     ', '408-555-0122', '408-555-0128', 'joseph.ironworks@example.com', 'John Green');
INSERT INTO MANUFACTURER (NAME, ADDRESSLINE1, ADDRESSLINE2, CITY, STATE, ZIP, PHONE, FAX, EMAIL, REP) 
	VALUES ('Nails and Screws', '7654 First Avenue', 'Suite 1005', 'Ypsilanti', 'MI', '94043     ', '302-555-0191', '302-555-0193', 'nails.screws@example.com', 'Fred Stanford');
INSERT INTO MANUFACTURER (NAME, ADDRESSLINE1, ADDRESSLINE2, CITY, STATE, ZIP, PHONE, FAX, EMAIL, REP) 
	VALUES ('Main Beauty Hair Salon', '44 Overload Street', 'Building 150', 'Chicago', 'WA', '94043     ', '211-555-0182', '211-555-0183', 'mainbeauty@example.com', '7 of 9');
INSERT INTO MANUFACTURER (NAME, ADDRESSLINE1, ADDRESSLINE2, CITY, STATE, ZIP, PHONE, FAX, EMAIL, REP) 
	VALUES ('Birders United', '4000 Cormorant Circle', 'Building 14', 'Burlington', 'OR', '95051     ', '206-555-0178', '206-555-0179', 'ann.jones@example.com', 'Ann Jones');
INSERT INTO MANUFACTURER (NAME, ADDRESSLINE1, ADDRESSLINE2, CITY, STATE, ZIP, PHONE, FAX, EMAIL, REP) 
	VALUES ('Birders United', '4000 Cormorant Circle', 'Building 15', 'Burlington', 'OR', '95051     ', '206-555-0179', '206-555-0179', 'phil@example.com', 'Phil Waters');
INSERT INTO MANUFACTURER (NAME, ADDRESSLINE1, ADDRESSLINE2, CITY, STATE, ZIP, PHONE, FAX, EMAIL, REP) 
	VALUES ('Birders United', '4000 Cormorant Circle', 'Building 16', 'Burlington', 'OR', '95051     ', '206-555-0180', '206-555-0179', 'birders@example.com', 'Birders');
INSERT INTO MANUFACTURER (NAME, ADDRESSLINE1, ADDRESSLINE2, CITY, STATE, ZIP, PHONE, FAX, EMAIL, REP) 
	VALUES ('Birders United', '4000 Cormorant Circle', 'Building 17', 'Burlington', 'OR', '95051     ', '206-555-0181', '206-555-0179', 'returnpalace@example.com', 'Nick Phillips');
INSERT INTO MANUFACTURER (NAME, ADDRESSLINE1, ADDRESSLINE2, CITY, STATE, ZIP, PHONE, FAX, EMAIL, REP) 
	VALUES ('Birders United', '4000 Cormorant Circle', 'Building 18', 'Burlington', 'OR', '95051     ', '206-555-0182', '206-555-0179', 'brian@example.com', 'Brian Brown');
INSERT INTO MANUFACTURER (NAME, ADDRESSLINE1, ADDRESSLINE2, CITY, STATE, ZIP, PHONE, FAX, EMAIL, REP) 
	VALUES ('Birders United', '4000 Cormorant Circle', 'Building 19', 'Burlington', 'OR', '95051     ', '206-555-0183', '206-555-0179', 'bill@example.com', 'Bill Snider');
INSERT INTO MANUFACTURER (NAME, ADDRESSLINE1, ADDRESSLINE2, CITY, STATE, ZIP, PHONE, FAX, EMAIL, REP) 
	VALUES ('Birders United', '4000 Cormorant Circle', 'Building 20', 'Burlington', 'OR', '95051     ', '206-555-0184', '206-555-0179', 'gerard@example.com', 'Jerry Young');

INSERT INTO MICRO_MARKET (ZIP_CODE, RADIUS, AREA_LENGTH, AREA_WIDTH, ADMIN_ID) 
	VALUES ('95051', 255.59, 689.856, 478.479, 1);
INSERT INTO MICRO_MARKET (ZIP_CODE, RADIUS, AREA_LENGTH, AREA_WIDTH, ADMIN_ID) 
	VALUES ('94043', 157.869, 385.821, 147.538, 1);
INSERT INTO MICRO_MARKET (ZIP_CODE, RADIUS, AREA_LENGTH, AREA_WIDTH, ADMIN_ID) 
	VALUES ('85638', 758.648, 328.963, 482.164, 1);
INSERT INTO MICRO_MARKET (ZIP_CODE, RADIUS, AREA_LENGTH, AREA_WIDTH, ADMIN_ID) 
	VALUES ('12347', 475.965, 385.849, 146.937, 1);
INSERT INTO MICRO_MARKET (ZIP_CODE, RADIUS, AREA_LENGTH, AREA_WIDTH, ADMIN_ID) 
	VALUES ('94401', 368.386, 285.848, 173.794, 1);
INSERT INTO MICRO_MARKET (ZIP_CODE, RADIUS, AREA_LENGTH, AREA_WIDTH, ADMIN_ID) 
	VALUES ('95035', 683.396, 472.859, 379.757, 1);
INSERT INTO MICRO_MARKET (ZIP_CODE, RADIUS, AREA_LENGTH, AREA_WIDTH, ADMIN_ID) 
	VALUES ('95117', 755.778, 547.967, 468.858, 1);
INSERT INTO MICRO_MARKET (ZIP_CODE, RADIUS, AREA_LENGTH, AREA_WIDTH, ADMIN_ID) 
	VALUES ('48128', 684.675, 475.854, 408.074, 1);
INSERT INTO MICRO_MARKET (ZIP_CODE, RADIUS, AREA_LENGTH, AREA_WIDTH, ADMIN_ID) 
	VALUES ('48124', 753.765, 487.664, 456.632, 1);
INSERT INTO MICRO_MARKET (ZIP_CODE, RADIUS, AREA_LENGTH, AREA_WIDTH, ADMIN_ID) 
	VALUES ('10095', 1987.854, 975.875, 865.681, 1);
INSERT INTO MICRO_MARKET (ZIP_CODE, RADIUS, AREA_LENGTH, AREA_WIDTH, ADMIN_ID) 
	VALUES ('10096', 1876.766, 955.666, 923.556, 1);

INSERT INTO CUSTOMER (DISCOUNT_CODE, ZIP, NAME, ADDRESSLINE1, ADDRESSLINE2, CITY, STATE, PHONE, FAX, EMAIL, CREDIT_LIMIT) 
	VALUES ('H', '10096', 'Big Bill Company', '8585 South Upper Murray Drive', 'P.O. Box 456', 'New York', 'GA', '555-555-0175', '555-555-0176', 'www.smallbill.example.com', 90000);
INSERT INTO CUSTOMER (DISCOUNT_CODE, ZIP, NAME, ADDRESSLINE1, ADDRESSLINE2, CITY, STATE, PHONE, FAX, EMAIL, CREDIT_LIMIT) 
	VALUES ('H', '94401', 'Bob Hosting Corp.', '65653 Lake Road', 'Suite 2323', 'San Mateo', 'CA', '650-555-0160', '650-555-0161', 'www.bobhostcorp.example.com', 65000);
INSERT INTO CUSTOMER (DISCOUNT_CODE, ZIP, NAME, ADDRESSLINE1, ADDRESSLINE2, CITY, STATE, PHONE, FAX, EMAIL, CREDIT_LIMIT) 
	VALUES ('H', '95035', 'Early CentralComp', '829 E Flex Drive', 'Suite 853', 'San Jose', 'CA', '408-555-0157', '408-555-0150', 'www.centralcomp.example.com', 26500);
INSERT INTO CUSTOMER (DISCOUNT_CODE, ZIP, NAME, ADDRESSLINE1, ADDRESSLINE2, CITY, STATE, PHONE, FAX, EMAIL, CREDIT_LIMIT) 
	VALUES ('L', '95117', 'John Valley Computers', '4381 Kelly Valley Ave', 'Suite 77', 'Santa Clara', 'CA', '408-555-0169', '408-555-0167', 'www.johnvalley.example.com', 70001);
INSERT INTO CUSTOMER (DISCOUNT_CODE, ZIP, NAME, ADDRESSLINE1, ADDRESSLINE2, CITY, STATE, PHONE, FAX, EMAIL, CREDIT_LIMIT) 
	VALUES ('N', '94401', 'Big Network Systems', '456 444th Street', 'Suite 45', 'Redwood City', 'CA', '650-555-0181', '650-555-0180', 'www.bignet.example.com', 25000);
INSERT INTO CUSTOMER (DISCOUNT_CODE, ZIP, NAME, ADDRESSLINE1, ADDRESSLINE2, CITY, STATE, PHONE, FAX, EMAIL, CREDIT_LIMIT) 
	VALUES ('L', '48128', 'West Valley Inc.', '88 Northsouth Drive', 'Building C', 'Dearborn', 'MI', '313-555-0172', '313-555-0171', 'www.westv.example.com', 100000);
INSERT INTO CUSTOMER (DISCOUNT_CODE, ZIP, NAME, ADDRESSLINE1, ADDRESSLINE2, CITY, STATE, PHONE, FAX, EMAIL, CREDIT_LIMIT) 
	VALUES ('N', '48128', 'Zed Motor Co', '2267 NE Michigan Ave', 'Building 21', 'Dearborn', 'MI', '313-555-0151', '313-555-0152', 'www.parts@ford.example.com', 5000000);
INSERT INTO CUSTOMER (DISCOUNT_CODE, ZIP, NAME, ADDRESSLINE1, ADDRESSLINE2, CITY, STATE, PHONE, FAX, EMAIL, CREDIT_LIMIT) 
	VALUES ('N', '48124', 'Big Car Parts', '52963 Notouter Dr', 'Suite 35', 'Detroit', 'MI', '313-555-0144', '313-555-0145', 'www.bparts.example.com', 50000);
INSERT INTO CUSTOMER (DISCOUNT_CODE, ZIP, NAME, ADDRESSLINE1, ADDRESSLINE2, CITY, STATE, PHONE, FAX, EMAIL, CREDIT_LIMIT) 
	VALUES ('H', '48128', 'Small Bill Company', '8585 South Upper Murray Drive', 'P.O. Box 456', 'Alanta', NULL, '555-555-0175', '555-555-0176', 'www.smallbill.example.com', NULL);

INSERT INTO PRODUCT (MANUFACTURER_ID, PRODUCT_CODE, PURCHASE_COST, QUANTITY_ON_HAND, MARKUP, AVAILABLE, DESCRIPTION) 
	VALUES (1, 'BK', 111.00, 800000, 8.25, 'TRUE', 'Identity Server');
INSERT INTO PRODUCT (MANUFACTURER_ID, PRODUCT_CODE, PURCHASE_COST, QUANTITY_ON_HAND, MARKUP, AVAILABLE, DESCRIPTION) 
	VALUES (2, 'SW', 11500.99, 500, 55.25, 'TRUE', 'Accounting ication');
INSERT INTO PRODUCT (MANUFACTURER_ID, PRODUCT_CODE, PURCHASE_COST, QUANTITY_ON_HAND, MARKUP, AVAILABLE, DESCRIPTION) 
	VALUES (3, 'HW', 2095.99, 3000, 15.75, 'TRUE', '1Ghz Sun Blade Computer');
INSERT INTO PRODUCT (MANUFACTURER_ID, PRODUCT_CODE, PURCHASE_COST, QUANTITY_ON_HAND, MARKUP, AVAILABLE, DESCRIPTION) 
	VALUES (4, 'FW', 59.90, 250, 40.00, 'TRUE', '10Gb Ram');
INSERT INTO PRODUCT (MANUFACTURER_ID, PRODUCT_CODE, PURCHASE_COST, QUANTITY_ON_HAND, MARKUP, AVAILABLE, DESCRIPTION) 
	VALUES (5, 'FW', 39.95, 50, 25.50, 'TRUE', 'Sound Card');
INSERT INTO PRODUCT (MANUFACTURER_ID, PRODUCT_CODE, PURCHASE_COST, QUANTITY_ON_HAND, MARKUP, AVAILABLE, DESCRIPTION) 
	VALUES (6, 'CB', 15.98, 400, 30.00, 'TRUE', 'Printer Cable');
INSERT INTO PRODUCT (MANUFACTURER_ID, PRODUCT_CODE, PURCHASE_COST, QUANTITY_ON_HAND, MARKUP, AVAILABLE, DESCRIPTION) 
	VALUES (7, 'HW', 595.00, 800, 5.75, 'TRUE', '24 inch Digital Monitor');
INSERT INTO PRODUCT (MANUFACTURER_ID, PRODUCT_CODE, PURCHASE_COST, QUANTITY_ON_HAND, MARKUP, AVAILABLE, DESCRIPTION) 
	VALUES (8, 'HW', 10.95, 25, 9.75, 'TRUE', '104-Key Keyboard');
INSERT INTO PRODUCT (MANUFACTURER_ID, PRODUCT_CODE, PURCHASE_COST, QUANTITY_ON_HAND, MARKUP, AVAILABLE, DESCRIPTION) 
	VALUES (9, 'SW', 49.95, 0, 5.25, 'FALSE', 'Directory Server');
INSERT INTO PRODUCT (MANUFACTURER_ID, PRODUCT_CODE, PURCHASE_COST, QUANTITY_ON_HAND, MARKUP, AVAILABLE, DESCRIPTION) 
	VALUES (10, 'HW', 69.95, 1000, 10.50, 'TRUE', '512X IDE DVD-ROM');
INSERT INTO PRODUCT (MANUFACTURER_ID, PRODUCT_CODE, PURCHASE_COST, QUANTITY_ON_HAND, MARKUP, AVAILABLE, DESCRIPTION) 
	VALUES (11, 'BK', 29.98, 25, 5.00, 'TRUE', 'Learn Solaris 10');
INSERT INTO PRODUCT (MANUFACTURER_ID, PRODUCT_CODE, PURCHASE_COST, QUANTITY_ON_HAND, MARKUP, AVAILABLE, DESCRIPTION) 
	VALUES (12, 'CB', 25.95, 500, 30.00, 'TRUE', 'Network Cable');
INSERT INTO PRODUCT (MANUFACTURER_ID, PRODUCT_CODE, PURCHASE_COST, QUANTITY_ON_HAND, MARKUP, AVAILABLE, DESCRIPTION) 
	VALUES (13, 'HW', 2000.95, 2000, 25.00, 'TRUE', '300Mhz Pentium Computer');
INSERT INTO PRODUCT (MANUFACTURER_ID, PRODUCT_CODE, PURCHASE_COST, QUANTITY_ON_HAND, MARKUP, AVAILABLE, DESCRIPTION) 
	VALUES (14, 'BK', 29.95, 1000, 33.00, 'TRUE', 'Learn NetBeans');
INSERT INTO PRODUCT (MANUFACTURER_ID, PRODUCT_CODE, PURCHASE_COST, QUANTITY_ON_HAND, MARKUP, AVAILABLE, DESCRIPTION) 
	VALUES (15, 'MS', 75.00, 0, 12.00, 'FALSE', 'Corporate Expense Survey');
INSERT INTO PRODUCT (MANUFACTURER_ID, PRODUCT_CODE, PURCHASE_COST, QUANTITY_ON_HAND, MARKUP, AVAILABLE, DESCRIPTION) 
	VALUES (16, 'SW', 595.95, 75, 14.00, 'TRUE', 'Sun Studio C++');
INSERT INTO PRODUCT (MANUFACTURER_ID, PRODUCT_CODE, PURCHASE_COST, QUANTITY_ON_HAND, MARKUP, AVAILABLE, DESCRIPTION) 
	VALUES (17, 'BK', 19.95, 100, 5.00, 'TRUE', 'Client Server Testing');
INSERT INTO PRODUCT (MANUFACTURER_ID, PRODUCT_CODE, PURCHASE_COST, QUANTITY_ON_HAND, MARKUP, AVAILABLE, DESCRIPTION) 
	VALUES (18, 'BK', 18.95, 43, 4.00, 'TRUE', 'Learn Java in 1/2 hour');
INSERT INTO PRODUCT (MANUFACTURER_ID, PRODUCT_CODE, PURCHASE_COST, QUANTITY_ON_HAND, MARKUP, AVAILABLE, DESCRIPTION) 
	VALUES (19, 'BK', 24.99, 0, 1.00, 'FALSE', 'Writing Web Service ications');
INSERT INTO PRODUCT (MANUFACTURER_ID, PRODUCT_CODE, PURCHASE_COST, QUANTITY_ON_HAND, MARKUP, AVAILABLE, DESCRIPTION) 
	VALUES (20, 'SW', 209.95, 300, 41.00, 'TRUE', 'Jax WS ication Development Environment');
INSERT INTO PRODUCT (MANUFACTURER_ID, PRODUCT_CODE, PURCHASE_COST, QUANTITY_ON_HAND, MARKUP, AVAILABLE, DESCRIPTION) 
	VALUES (21, 'SW', 259.95, 220, 51.00, 'TRUE', 'Java EE 6 ication Development Environment');
INSERT INTO PRODUCT (MANUFACTURER_ID, PRODUCT_CODE, PURCHASE_COST, QUANTITY_ON_HAND, MARKUP, AVAILABLE, DESCRIPTION) 
	VALUES (22, 'SW', 269.95, 700, 61.00, 'TRUE', 'Java ication Development Environment');
INSERT INTO PRODUCT (MANUFACTURER_ID, PRODUCT_CODE, PURCHASE_COST, QUANTITY_ON_HAND, MARKUP, AVAILABLE, DESCRIPTION) 
	VALUES (23, 'SW', 219.95, 300, 32.00, 'TRUE', 'NetBeans Development Environment');
INSERT INTO PRODUCT (MANUFACTURER_ID, PRODUCT_CODE, PURCHASE_COST, QUANTITY_ON_HAND, MARKUP, AVAILABLE, DESCRIPTION) 
	VALUES (24, 'SW', 1400.95, 100, 25.00, 'TRUE', 'Solaris x86 Computer');
INSERT INTO PRODUCT (MANUFACTURER_ID, PRODUCT_CODE, PURCHASE_COST, QUANTITY_ON_HAND, MARKUP, AVAILABLE, DESCRIPTION) 
	VALUES (25, 'HW', 1111111111.00, 0, 1.50, 'FALSE', 'Ultra Spacr 999Mhz Computer');
INSERT INTO PRODUCT (MANUFACTURER_ID, PRODUCT_CODE, PURCHASE_COST, QUANTITY_ON_HAND, MARKUP, AVAILABLE, DESCRIPTION) 
	VALUES (26, 'HW', 595.95, 0, 1.25, 'FALSE', '686 7Ghz Computer');
INSERT INTO PRODUCT (MANUFACTURER_ID, PRODUCT_CODE, PURCHASE_COST, QUANTITY_ON_HAND, MARKUP, AVAILABLE, DESCRIPTION) 
	VALUES (27, 'HW', 69.98, 400, 55.00, 'TRUE', 'A1 900 watts Speakers');
INSERT INTO PRODUCT (MANUFACTURER_ID, PRODUCT_CODE, PURCHASE_COST, QUANTITY_ON_HAND, MARKUP, AVAILABLE, DESCRIPTION) 
	VALUES (28, 'HW', 49.95, 200, 65.00, 'TRUE', 'Mini Computer Speakers');
INSERT INTO PRODUCT (MANUFACTURER_ID, PRODUCT_CODE, PURCHASE_COST, QUANTITY_ON_HAND, MARKUP, AVAILABLE, DESCRIPTION) 
	VALUES (29, 'MS', 36.95, 50, 75.00, 'TRUE', 'Computer Tool Kit');
INSERT INTO PRODUCT (MANUFACTURER_ID, PRODUCT_CODE, PURCHASE_COST, QUANTITY_ON_HAND, MARKUP, AVAILABLE, DESCRIPTION) 
	VALUES (27, 'HW', 199.95, 25, 45.00, 'TRUE', 'Flat screen Monitor');

INSERT INTO PURCHASE_ORDER (CUSTOMER_ID, PRODUCT_ID, QUANTITY, SHIPPING_COST, SALES_DATE, SHIPPING_DATE, FREIGHT_COMPANY) 
	VALUES (7, 2, 12, 12.00, '2020-07-19', '2019-07-19', 'MRV');
INSERT INTO PURCHASE_ORDER (CUSTOMER_ID, PRODUCT_ID, QUANTITY, SHIPPING_COST, SALES_DATE, SHIPPING_DATE, FREIGHT_COMPANY) 
	VALUES (2, 2, 100, 134.89, '2018-07-19', '2018-07-19', 'Correos');
INSERT INTO PURCHASE_ORDER (CUSTOMER_ID, PRODUCT_ID, QUANTITY, SHIPPING_COST, SALES_DATE, SHIPPING_DATE, FREIGHT_COMPANY) 
	VALUES (3, 2, 200, 3456.98, '2018-07-19', '2018-07-19', 'MRV');
